ProductKey;ProductSubcategoryKey;EnglishProductName;Color;Size;ProductLine;DealerPrice;Class;ModelName;Product Status;Sub Category;Product Category
1;NULL;Adjustable Race;NA;NULL;NULL;NULL;NULL;NULL;Current;NULL;NULL
2;NULL;Bearing Ball;NA;NULL;NULL;NULL;NULL;NULL;Current;NULL;NULL
3;NULL;BB Ball Bearing;NA;NULL;NULL;NULL;NULL;NULL;Current;NULL;NULL
4;NULL;Headset Ball Bearings;NA;NULL;NULL;NULL;NULL;NULL;Current;NULL;NULL
5;NULL;Blade;NA;NULL;NULL;NULL;NULL;NULL;Current;NULL;NULL
6;NULL;LL Crankarm;Black;NULL;NULL;NULL;"L ";NULL;Current;NULL;NULL
7;NULL;ML Crankarm;Black;NULL;NULL;NULL;"M ";NULL;Current;NULL;NULL
8;NULL;HL Crankarm;Black;NULL;NULL;NULL;NULL;NULL;Current;NULL;NULL
9;NULL;Chainring Bolts;Silver;NULL;NULL;NULL;NULL;NULL;Current;NULL;NULL
10;NULL;Chainring Nut;Silver;NULL;NULL;NULL;NULL;NULL;Current;NULL;NULL
11;NULL;Chainring;Black;NULL;NULL;NULL;NULL;NULL;Current;NULL;NULL
12;NULL;Crown Race;NA;NULL;NULL;NULL;NULL;NULL;Current;NULL;NULL
13;NULL;Chain Stays;NA;NULL;NULL;NULL;NULL;NULL;Current;NULL;NULL
14;NULL;Decal 1;NA;NULL;NULL;NULL;NULL;NULL;Current;NULL;NULL
15;NULL;Decal 2;NA;NULL;NULL;NULL;NULL;NULL;Current;NULL;NULL
16;NULL;Down Tube;NA;NULL;NULL;NULL;NULL;NULL;Current;NULL;NULL
17;NULL;Mountain End Caps;NA;NULL;NULL;NULL;NULL;NULL;Current;NULL;NULL
18;NULL;Road End Caps;NA;NULL;NULL;NULL;NULL;NULL;Current;NULL;NULL
19;NULL;Touring End Caps;NA;NULL;NULL;NULL;NULL;NULL;Current;NULL;NULL
20;NULL;Fork End;NA;NULL;NULL;NULL;NULL;NULL;Current;NULL;NULL
21;NULL;Freewheel;Silver;NULL;NULL;NULL;NULL;NULL;Current;NULL;NULL
22;NULL;Flat Washer 1;NA;NULL;NULL;NULL;NULL;NULL;Current;NULL;NULL
23;NULL;Flat Washer 6;NA;NULL;NULL;NULL;NULL;NULL;Current;NULL;NULL
24;NULL;Flat Washer 2;NA;NULL;NULL;NULL;NULL;NULL;Current;NULL;NULL
25;NULL;Flat Washer 9;NA;NULL;NULL;NULL;NULL;NULL;Current;NULL;NULL
26;NULL;Flat Washer 4;NA;NULL;NULL;NULL;NULL;NULL;Current;NULL;NULL
27;NULL;Flat Washer 3;NA;NULL;NULL;NULL;NULL;NULL;Current;NULL;NULL
28;NULL;Flat Washer 8;NA;NULL;NULL;NULL;NULL;NULL;Current;NULL;NULL
29;NULL;Flat Washer 5;NA;NULL;NULL;NULL;NULL;NULL;Current;NULL;NULL
30;NULL;Flat Washer 7;NA;NULL;NULL;NULL;NULL;NULL;Current;NULL;NULL
31;NULL;Fork Crown;NA;NULL;NULL;NULL;NULL;NULL;Current;NULL;NULL
32;NULL;Front Derailleur Cage;Silver;NULL;NULL;NULL;NULL;NULL;Current;NULL;NULL
33;NULL;Front Derailleur Linkage;Silver;NULL;NULL;NULL;NULL;NULL;Current;NULL;NULL
34;NULL;Guide Pulley;NA;NULL;NULL;NULL;NULL;NULL;Current;NULL;NULL
35;NULL;LL Grip Tape;NA;NULL;NULL;NULL;"L ";NULL;Current;NULL;NULL
36;NULL;ML Grip Tape;NA;NULL;NULL;NULL;"M ";NULL;Current;NULL;NULL
37;NULL;HL Grip Tape;NA;NULL;NULL;NULL;NULL;NULL;Current;NULL;NULL
38;NULL;Thin-Jam Hex Nut 9;NA;NULL;NULL;NULL;NULL;NULL;Current;NULL;NULL
39;NULL;Thin-Jam Hex Nut 10;NA;NULL;NULL;NULL;NULL;NULL;Current;NULL;NULL
40;NULL;Thin-Jam Hex Nut 1;NA;NULL;NULL;NULL;NULL;NULL;Current;NULL;NULL
41;NULL;Thin-Jam Hex Nut 2;NA;NULL;NULL;NULL;NULL;NULL;Current;NULL;NULL
42;NULL;Thin-Jam Hex Nut 15;NA;NULL;NULL;NULL;NULL;NULL;Current;NULL;NULL
43;NULL;Thin-Jam Hex Nut 16;NA;NULL;NULL;NULL;NULL;NULL;Current;NULL;NULL
44;NULL;Thin-Jam Hex Nut 5;NA;NULL;NULL;NULL;NULL;NULL;Current;NULL;NULL
45;NULL;Thin-Jam Hex Nut 6;NA;NULL;NULL;NULL;NULL;NULL;Current;NULL;NULL
46;NULL;Thin-Jam Hex Nut 3;NA;NULL;NULL;NULL;NULL;NULL;Current;NULL;NULL
47;NULL;Thin-Jam Hex Nut 4;NA;NULL;NULL;NULL;NULL;NULL;Current;NULL;NULL
48;NULL;Thin-Jam Hex Nut 13;NA;NULL;NULL;NULL;NULL;NULL;Current;NULL;NULL
49;NULL;Thin-Jam Hex Nut 14;NA;NULL;NULL;NULL;NULL;NULL;Current;NULL;NULL
50;NULL;Thin-Jam Hex Nut 7;NA;NULL;NULL;NULL;NULL;NULL;Current;NULL;NULL
51;NULL;Thin-Jam Hex Nut 8;NA;NULL;NULL;NULL;NULL;NULL;Current;NULL;NULL
52;NULL;Thin-Jam Hex Nut 12;NA;NULL;NULL;NULL;NULL;NULL;Current;NULL;NULL
53;NULL;Thin-Jam Hex Nut 11;NA;NULL;NULL;NULL;NULL;NULL;Current;NULL;NULL
54;NULL;Hex Nut 5;NA;NULL;NULL;NULL;NULL;NULL;Current;NULL;NULL
55;NULL;Hex Nut 6;NA;NULL;NULL;NULL;NULL;NULL;Current;NULL;NULL
56;NULL;Hex Nut 16;NA;NULL;NULL;NULL;NULL;NULL;Current;NULL;NULL
57;NULL;Hex Nut 17;NA;NULL;NULL;NULL;NULL;NULL;Current;NULL;NULL
58;NULL;Hex Nut 7;NA;NULL;NULL;NULL;NULL;NULL;Current;NULL;NULL
59;NULL;Hex Nut 8;NA;NULL;NULL;NULL;NULL;NULL;Current;NULL;NULL
60;NULL;Hex Nut 9;NA;NULL;NULL;NULL;NULL;NULL;Current;NULL;NULL
61;NULL;Hex Nut 22;NA;NULL;NULL;NULL;NULL;NULL;Current;NULL;NULL
62;NULL;Hex Nut 23;NA;NULL;NULL;NULL;NULL;NULL;Current;NULL;NULL
63;NULL;Hex Nut 12;NA;NULL;NULL;NULL;NULL;NULL;Current;NULL;NULL
64;NULL;Hex Nut 13;NA;NULL;NULL;NULL;NULL;NULL;Current;NULL;NULL
65;NULL;Hex Nut 1;NA;NULL;NULL;NULL;NULL;NULL;Current;NULL;NULL
66;NULL;Hex Nut 10;NA;NULL;NULL;NULL;NULL;NULL;Current;NULL;NULL
67;NULL;Hex Nut 11;NA;NULL;NULL;NULL;NULL;NULL;Current;NULL;NULL
68;NULL;Hex Nut 2;NA;NULL;NULL;NULL;NULL;NULL;Current;NULL;NULL
69;NULL;Hex Nut 20;NA;NULL;NULL;NULL;NULL;NULL;Current;NULL;NULL
70;NULL;Hex Nut 21;NA;NULL;NULL;NULL;NULL;NULL;Current;NULL;NULL
71;NULL;Hex Nut 3;NA;NULL;NULL;NULL;NULL;NULL;Current;NULL;NULL
72;NULL;Hex Nut 14;NA;NULL;NULL;NULL;NULL;NULL;Current;NULL;NULL
73;NULL;Hex Nut 15;NA;NULL;NULL;NULL;NULL;NULL;Current;NULL;NULL
74;NULL;Hex Nut 4;NA;NULL;NULL;NULL;NULL;NULL;Current;NULL;NULL
75;NULL;Hex Nut 18;NA;NULL;NULL;NULL;NULL;NULL;Current;NULL;NULL
76;NULL;Hex Nut 19;NA;NULL;NULL;NULL;NULL;NULL;Current;NULL;NULL
77;NULL;Handlebar Tube;NA;NULL;NULL;NULL;NULL;NULL;Current;NULL;NULL
78;NULL;Head Tube;NA;NULL;NULL;NULL;NULL;NULL;Current;NULL;NULL
79;NULL;LL Hub;NA;NULL;NULL;NULL;"L ";NULL;Current;NULL;NULL
80;NULL;HL Hub;NA;NULL;NULL;NULL;NULL;NULL;Current;NULL;NULL
81;NULL;Keyed Washer;NA;NULL;NULL;NULL;NULL;NULL;Current;NULL;NULL
82;NULL;External Lock Washer 3;NA;NULL;NULL;NULL;NULL;NULL;Current;NULL;NULL
83;NULL;External Lock Washer 4;NA;NULL;NULL;NULL;NULL;NULL;Current;NULL;NULL
84;NULL;External Lock Washer 9;NA;NULL;NULL;NULL;NULL;NULL;Current;NULL;NULL
85;NULL;External Lock Washer 5;NA;NULL;NULL;NULL;NULL;NULL;Current;NULL;NULL
86;NULL;External Lock Washer 7;NA;NULL;NULL;NULL;NULL;NULL;Current;NULL;NULL
87;NULL;External Lock Washer 6;NA;NULL;NULL;NULL;NULL;NULL;Current;NULL;NULL
88;NULL;External Lock Washer 1;NA;NULL;NULL;NULL;NULL;NULL;Current;NULL;NULL
89;NULL;External Lock Washer 8;NA;NULL;NULL;NULL;NULL;NULL;Current;NULL;NULL
90;NULL;External Lock Washer 2;NA;NULL;NULL;NULL;NULL;NULL;Current;NULL;NULL
91;NULL;Internal Lock Washer 3;NA;NULL;NULL;NULL;NULL;NULL;Current;NULL;NULL
92;NULL;Internal Lock Washer 4;NA;NULL;NULL;NULL;NULL;NULL;Current;NULL;NULL
93;NULL;Internal Lock Washer 9;NA;NULL;NULL;NULL;NULL;NULL;Current;NULL;NULL
94;NULL;Internal Lock Washer 5;NA;NULL;NULL;NULL;NULL;NULL;Current;NULL;NULL
95;NULL;Internal Lock Washer 7;NA;NULL;NULL;NULL;NULL;NULL;Current;NULL;NULL
96;NULL;Internal Lock Washer 6;NA;NULL;NULL;NULL;NULL;NULL;Current;NULL;NULL
97;NULL;Internal Lock Washer 10;NA;NULL;NULL;NULL;NULL;NULL;Current;NULL;NULL
98;NULL;Internal Lock Washer 1;NA;NULL;NULL;NULL;NULL;NULL;Current;NULL;NULL
99;NULL;Internal Lock Washer 8;NA;NULL;NULL;NULL;NULL;NULL;Current;NULL;NULL
100;NULL;Internal Lock Washer 2;NA;NULL;NULL;NULL;NULL;NULL;Current;NULL;NULL
101;NULL;Thin-Jam Lock Nut 9;NA;NULL;NULL;NULL;NULL;NULL;Current;NULL;NULL
102;NULL;Thin-Jam Lock Nut 10;NA;NULL;NULL;NULL;NULL;NULL;Current;NULL;NULL
103;NULL;Thin-Jam Lock Nut 1;NA;NULL;NULL;NULL;NULL;NULL;Current;NULL;NULL
104;NULL;Thin-Jam Lock Nut 2;NA;NULL;NULL;NULL;NULL;NULL;Current;NULL;NULL
105;NULL;Thin-Jam Lock Nut 15;NA;NULL;NULL;NULL;NULL;NULL;Current;NULL;NULL
106;NULL;Thin-Jam Lock Nut 16;NA;NULL;NULL;NULL;NULL;NULL;Current;NULL;NULL
107;NULL;Thin-Jam Lock Nut 5;NA;NULL;NULL;NULL;NULL;NULL;Current;NULL;NULL
108;NULL;Thin-Jam Lock Nut 6;NA;NULL;NULL;NULL;NULL;NULL;Current;NULL;NULL
109;NULL;Thin-Jam Lock Nut 3;NA;NULL;NULL;NULL;NULL;NULL;Current;NULL;NULL
110;NULL;Thin-Jam Lock Nut 4;NA;NULL;NULL;NULL;NULL;NULL;Current;NULL;NULL
111;NULL;Thin-Jam Lock Nut 13;NA;NULL;NULL;NULL;NULL;NULL;Current;NULL;NULL
112;NULL;Thin-Jam Lock Nut 14;NA;NULL;NULL;NULL;NULL;NULL;Current;NULL;NULL
113;NULL;Thin-Jam Lock Nut 7;NA;NULL;NULL;NULL;NULL;NULL;Current;NULL;NULL
114;NULL;Thin-Jam Lock Nut 8;NA;NULL;NULL;NULL;NULL;NULL;Current;NULL;NULL
115;NULL;Thin-Jam Lock Nut 12;NA;NULL;NULL;NULL;NULL;NULL;Current;NULL;NULL
116;NULL;Thin-Jam Lock Nut 11;NA;NULL;NULL;NULL;NULL;NULL;Current;NULL;NULL
117;NULL;Lock Nut 5;NA;NULL;NULL;NULL;NULL;NULL;Current;NULL;NULL
118;NULL;Lock Nut 6;NA;NULL;NULL;NULL;NULL;NULL;Current;NULL;NULL
119;NULL;Lock Nut 16;NA;NULL;NULL;NULL;NULL;NULL;Current;NULL;NULL
120;NULL;Lock Nut 17;NA;NULL;NULL;NULL;NULL;NULL;Current;NULL;NULL
121;NULL;Lock Nut 7;NA;NULL;NULL;NULL;NULL;NULL;Current;NULL;NULL
122;NULL;Lock Nut 8;NA;NULL;NULL;NULL;NULL;NULL;Current;NULL;NULL
123;NULL;Lock Nut 9;NA;NULL;NULL;NULL;NULL;NULL;Current;NULL;NULL
124;NULL;Lock Nut 22;NA;NULL;NULL;NULL;NULL;NULL;Current;NULL;NULL
125;NULL;Lock Nut 23;NA;NULL;NULL;NULL;NULL;NULL;Current;NULL;NULL
126;NULL;Lock Nut 12;NA;NULL;NULL;NULL;NULL;NULL;Current;NULL;NULL
127;NULL;Lock Nut 13;NA;NULL;NULL;NULL;NULL;NULL;Current;NULL;NULL
128;NULL;Lock Nut 1;NA;NULL;NULL;NULL;NULL;NULL;Current;NULL;NULL
129;NULL;Lock Nut 10;NA;NULL;NULL;NULL;NULL;NULL;Current;NULL;NULL
130;NULL;Lock Nut 11;NA;NULL;NULL;NULL;NULL;NULL;Current;NULL;NULL
131;NULL;Lock Nut 2;NA;NULL;NULL;NULL;NULL;NULL;Current;NULL;NULL
132;NULL;Lock Nut 20;NA;NULL;NULL;NULL;NULL;NULL;Current;NULL;NULL
133;NULL;Lock Nut 21;NA;NULL;NULL;NULL;NULL;NULL;Current;NULL;NULL
134;NULL;Lock Nut 3;NA;NULL;NULL;NULL;NULL;NULL;Current;NULL;NULL
135;NULL;Lock Nut 14;NA;NULL;NULL;NULL;NULL;NULL;Current;NULL;NULL
136;NULL;Lock Nut 15;NA;NULL;NULL;NULL;NULL;NULL;Current;NULL;NULL
137;NULL;Lock Nut 4;NA;NULL;NULL;NULL;NULL;NULL;Current;NULL;NULL
138;NULL;Lock Nut 19;NA;NULL;NULL;NULL;NULL;NULL;Current;NULL;NULL
139;NULL;Lock Nut 18;NA;NULL;NULL;NULL;NULL;NULL;Current;NULL;NULL
140;NULL;Lock Ring;Silver;NULL;NULL;NULL;NULL;NULL;Current;NULL;NULL
141;NULL;Lower Head Race;NA;NULL;NULL;NULL;NULL;NULL;Current;NULL;NULL
142;NULL;Lock Washer 4;NA;NULL;NULL;NULL;NULL;NULL;Current;NULL;NULL
143;NULL;Lock Washer 5;NA;NULL;NULL;NULL;NULL;NULL;Current;NULL;NULL
144;NULL;Lock Washer 10;NA;NULL;NULL;NULL;NULL;NULL;Current;NULL;NULL
145;NULL;Lock Washer 6;NA;NULL;NULL;NULL;NULL;NULL;Current;NULL;NULL
146;NULL;Lock Washer 13;NA;NULL;NULL;NULL;NULL;NULL;Current;NULL;NULL
147;NULL;Lock Washer 8;NA;NULL;NULL;NULL;NULL;NULL;Current;NULL;NULL
148;NULL;Lock Washer 1;NA;NULL;NULL;NULL;NULL;NULL;Current;NULL;NULL
149;NULL;Lock Washer 7;NA;NULL;NULL;NULL;NULL;NULL;Current;NULL;NULL
150;NULL;Lock Washer 12;NA;NULL;NULL;NULL;NULL;NULL;Current;NULL;NULL
151;NULL;Lock Washer 2;NA;NULL;NULL;NULL;NULL;NULL;Current;NULL;NULL
152;NULL;Lock Washer 9;NA;NULL;NULL;NULL;NULL;NULL;Current;NULL;NULL
153;NULL;Lock Washer 3;NA;NULL;NULL;NULL;NULL;NULL;Current;NULL;NULL
154;NULL;Lock Washer 11;NA;NULL;NULL;NULL;NULL;NULL;Current;NULL;NULL
155;NULL;Metal Angle;NA;NULL;NULL;NULL;NULL;NULL;Current;NULL;NULL
156;NULL;Metal Bar 1;NA;NULL;NULL;NULL;NULL;NULL;Current;NULL;NULL
157;NULL;Metal Bar 2;NA;NULL;NULL;NULL;NULL;NULL;Current;NULL;NULL
158;NULL;Metal Plate 2;NA;NULL;NULL;NULL;NULL;NULL;Current;NULL;NULL
159;NULL;Metal Plate 1;NA;NULL;NULL;NULL;NULL;NULL;Current;NULL;NULL
160;NULL;Metal Plate 3;NA;NULL;NULL;NULL;NULL;NULL;Current;NULL;NULL
161;NULL;Metal Sheet 2;NA;NULL;NULL;NULL;NULL;NULL;Current;NULL;NULL
162;NULL;Metal Sheet 3;NA;NULL;NULL;NULL;NULL;NULL;Current;NULL;NULL
163;NULL;Metal Sheet 7;NA;NULL;NULL;NULL;NULL;NULL;Current;NULL;NULL
164;NULL;Metal Sheet 4;NA;NULL;NULL;NULL;NULL;NULL;Current;NULL;NULL
165;NULL;Metal Sheet 5;NA;NULL;NULL;NULL;NULL;NULL;Current;NULL;NULL
166;NULL;Metal Sheet 6;NA;NULL;NULL;NULL;NULL;NULL;Current;NULL;NULL
167;NULL;Metal Sheet 1;NA;NULL;NULL;NULL;NULL;NULL;Current;NULL;NULL
168;NULL;Metal Tread Plate;NA;NULL;NULL;NULL;NULL;NULL;Current;NULL;NULL
169;NULL;LL Nipple;NA;NULL;NULL;NULL;"L ";NULL;Current;NULL;NULL
170;NULL;HL Nipple;NA;NULL;NULL;NULL;NULL;NULL;Current;NULL;NULL
171;NULL;Paint - Black;NA;NULL;NULL;NULL;NULL;NULL;Current;NULL;NULL
172;NULL;Paint - Red;NA;NULL;NULL;NULL;NULL;NULL;Current;NULL;NULL
173;NULL;Paint - Silver;NA;NULL;NULL;NULL;NULL;NULL;Current;NULL;NULL
174;NULL;Paint - Blue;NA;NULL;NULL;NULL;NULL;NULL;Current;NULL;NULL
175;NULL;Paint - Yellow;NA;NULL;NULL;NULL;NULL;NULL;Current;NULL;NULL
176;NULL;Pinch Bolt;NA;NULL;NULL;NULL;NULL;NULL;Current;NULL;NULL
177;NULL;Cup-Shaped Race;NA;NULL;NULL;NULL;NULL;NULL;Current;NULL;NULL
178;NULL;Cone-Shaped Race;NA;NULL;NULL;NULL;NULL;NULL;Current;NULL;NULL
179;NULL;Reflector;NA;NULL;NULL;NULL;NULL;NULL;Current;NULL;NULL
180;NULL;LL Mountain Rim;NA;NULL;NULL;NULL;"L ";NULL;Current;NULL;NULL
181;NULL;ML Mountain Rim;NA;NULL;NULL;NULL;"M ";NULL;Current;NULL;NULL
182;NULL;HL Mountain Rim;NA;NULL;NULL;NULL;NULL;NULL;Current;NULL;NULL
183;NULL;LL Road Rim;NA;NULL;NULL;NULL;"L ";NULL;Current;NULL;NULL
184;NULL;ML Road Rim;NA;NULL;NULL;NULL;"M ";NULL;Current;NULL;NULL
185;NULL;HL Road Rim;NA;NULL;NULL;NULL;NULL;NULL;Current;NULL;NULL
186;NULL;Touring Rim;NA;NULL;NULL;NULL;NULL;NULL;Current;NULL;NULL
187;NULL;LL Mountain Seat Assembly;NA;NULL;NULL;NULL;"L ";NULL;Current;NULL;NULL
188;NULL;ML Mountain Seat Assembly;NA;NULL;NULL;NULL;"M ";NULL;Current;NULL;NULL
189;NULL;HL Mountain Seat Assembly;NA;NULL;NULL;NULL;NULL;NULL;Current;NULL;NULL
190;NULL;LL Road Seat Assembly;NA;NULL;NULL;NULL;"L ";NULL;Current;NULL;NULL
191;NULL;ML Road Seat Assembly;NA;NULL;NULL;NULL;"M ";NULL;Current;NULL;NULL
192;NULL;HL Road Seat Assembly;NA;NULL;NULL;NULL;NULL;NULL;Current;NULL;NULL
193;NULL;LL Touring Seat Assembly;NA;NULL;NULL;NULL;"L ";NULL;Current;NULL;NULL
194;NULL;ML Touring Seat Assembly;NA;NULL;NULL;NULL;"M ";NULL;Current;NULL;NULL
195;NULL;HL Touring Seat Assembly;NA;NULL;NULL;NULL;NULL;NULL;Current;NULL;NULL
196;NULL;LL Spindle/Axle;NA;NULL;NULL;NULL;"L ";NULL;Current;NULL;NULL
197;NULL;HL Spindle/Axle;NA;NULL;NULL;NULL;NULL;NULL;Current;NULL;NULL
198;NULL;LL Shell;NA;NULL;NULL;NULL;"L ";NULL;Current;NULL;NULL
199;NULL;HL Shell;NA;NULL;NULL;NULL;NULL;NULL;Current;NULL;NULL
200;NULL;Spokes;NA;NULL;NULL;NULL;NULL;NULL;Current;NULL;NULL
201;NULL;Seat Lug;NA;NULL;NULL;NULL;NULL;NULL;Current;NULL;NULL
202;NULL;Stem;NA;NULL;NULL;NULL;NULL;NULL;Current;NULL;NULL
203;NULL;Seat Post;NA;NULL;NULL;NULL;NULL;NULL;Current;NULL;NULL
204;NULL;Steerer;NA;NULL;NULL;NULL;NULL;NULL;Current;NULL;NULL
205;NULL;Seat Stays;NA;NULL;NULL;NULL;NULL;NULL;Current;NULL;NULL
206;NULL;Seat Tube;NA;NULL;NULL;NULL;NULL;NULL;Current;NULL;NULL
207;NULL;Top Tube;NA;NULL;NULL;NULL;NULL;NULL;Current;NULL;NULL
208;NULL;Tension Pulley;NA;NULL;NULL;NULL;NULL;NULL;Current;NULL;NULL
209;NULL;Rear Derailleur Cage;Silver;NULL;NULL;NULL;NULL;NULL;Current;NULL;NULL
210;14;HL Road Frame - Black, 58;Black;58;"R ";NULL;"H ";HL Road Frame;Current;Road Frames;Components
211;14;HL Road Frame - Red, 58;Red;58;"R ";NULL;"H ";HL Road Frame;Current;Road Frames;Components
212;31;Sport-100 Helmet, Red;Red;NULL;"S ";20,1865;NULL;Sport-100;Obsolet;Helmets;Accessories
213;31;Sport-100 Helmet, Red;Red;NULL;"S ";20,1865;NULL;Sport-100;Obsolet;Helmets;Accessories
214;31;Sport-100 Helmet, Red;Red;NULL;"S ";20,994;NULL;Sport-100;Current;Helmets;Accessories
215;31;Sport-100 Helmet, Black;Black;NULL;"S ";20,1865;NULL;Sport-100;Obsolet;Helmets;Accessories
216;31;Sport-100 Helmet, Black;Black;NULL;"S ";20,1865;NULL;Sport-100;Obsolet;Helmets;Accessories
217;31;Sport-100 Helmet, Black;Black;NULL;"S ";20,994;NULL;Sport-100;Current;Helmets;Accessories
218;23;Mountain Bike Socks, M;White;M;"M ";5,70;NULL;Mountain Bike Socks;Obsolet;Socks;Clothing
219;23;Mountain Bike Socks, L;White;L;"M ";5,70;NULL;Mountain Bike Socks;Obsolet;Socks;Clothing
220;31;Sport-100 Helmet, Blue;Blue;NULL;"S ";20,1865;NULL;Sport-100;Obsolet;Helmets;Accessories
221;31;Sport-100 Helmet, Blue;Blue;NULL;"S ";20,1865;NULL;Sport-100;Obsolet;Helmets;Accessories
222;31;Sport-100 Helmet, Blue;Blue;NULL;"S ";20,994;NULL;Sport-100;Current;Helmets;Accessories
223;19;AWC Logo Cap;Multi;NULL;"S ";5,1865;NULL;Cycling Cap;Obsolet;Caps;Clothing
224;19;AWC Logo Cap;Multi;NULL;"S ";5,1865;NULL;Cycling Cap;Obsolet;Caps;Clothing
225;19;AWC Logo Cap;Multi;NULL;"S ";5,394;NULL;Cycling Cap;Current;Caps;Clothing
226;21;Long-Sleeve Logo Jersey, S;Multi;S;"S ";28,8404;NULL;Long-Sleeve Logo Jersey;Obsolet;Jerseys;Clothing
227;21;Long-Sleeve Logo Jersey, S;Multi;S;"S ";28,8404;NULL;Long-Sleeve Logo Jersey;Obsolet;Jerseys;Clothing
228;21;Long-Sleeve Logo Jersey, S;Multi;S;"S ";29,994;NULL;Long-Sleeve Logo Jersey;Current;Jerseys;Clothing
229;21;Long-Sleeve Logo Jersey, M;Multi;M;"S ";28,8404;NULL;Long-Sleeve Logo Jersey;Obsolet;Jerseys;Clothing
230;21;Long-Sleeve Logo Jersey, M;Multi;M;"S ";28,8404;NULL;Long-Sleeve Logo Jersey;Obsolet;Jerseys;Clothing
231;21;Long-Sleeve Logo Jersey, M;Multi;M;"S ";29,994;NULL;Long-Sleeve Logo Jersey;Current;Jerseys;Clothing
232;21;Long-Sleeve Logo Jersey, L;Multi;L;"S ";28,8404;NULL;Long-Sleeve Logo Jersey;Obsolet;Jerseys;Clothing
233;21;Long-Sleeve Logo Jersey, L;Multi;L;"S ";28,8404;NULL;Long-Sleeve Logo Jersey;Obsolet;Jerseys;Clothing
234;21;Long-Sleeve Logo Jersey, L;Multi;L;"S ";29,994;NULL;Long-Sleeve Logo Jersey;Current;Jerseys;Clothing
235;21;Long-Sleeve Logo Jersey, XL;Multi;XL;"S ";28,8404;NULL;Long-Sleeve Logo Jersey;Obsolet;Jerseys;Clothing
236;21;Long-Sleeve Logo Jersey, XL;Multi;XL;"S ";28,8404;NULL;Long-Sleeve Logo Jersey;Obsolet;Jerseys;Clothing
237;21;Long-Sleeve Logo Jersey, XL;Multi;XL;"S ";29,994;NULL;Long-Sleeve Logo Jersey;Current;Jerseys;Clothing
238;14;HL Road Frame - Red, 62;Red;62;"R ";758,0759;"H ";HL Road Frame;Obsolet;Road Frames;Components
239;14;HL Road Frame - Red, 62;Red;62;"R ";780,8182;"H ";HL Road Frame;Obsolet;Road Frames;Components
240;14;HL Road Frame - Red, 62;Red;62;"R ";858,90;"H ";HL Road Frame;Current;Road Frames;Components
241;14;HL Road Frame - Red, 44;Red;44;"R ";758,0759;"H ";HL Road Frame;Obsolet;Road Frames;Components
242;14;HL Road Frame - Red, 44;Red;44;"R ";780,8182;"H ";HL Road Frame;Obsolet;Road Frames;Components
243;14;HL Road Frame - Red, 44;Red;44;"R ";858,90;"H ";HL Road Frame;Current;Road Frames;Components
244;14;HL Road Frame - Red, 48;Red;48;"R ";758,0759;"H ";HL Road Frame;Obsolet;Road Frames;Components
245;14;HL Road Frame - Red, 48;Red;48;"R ";780,8182;"H ";HL Road Frame;Obsolet;Road Frames;Components
246;14;HL Road Frame - Red, 48;Red;48;"R ";858,90;"H ";HL Road Frame;Current;Road Frames;Components
247;14;HL Road Frame - Red, 52;Red;52;"R ";758,0759;"H ";HL Road Frame;Obsolet;Road Frames;Components
248;14;HL Road Frame - Red, 52;Red;52;"R ";780,8182;"H ";HL Road Frame;Obsolet;Road Frames;Components
249;14;HL Road Frame - Red, 52;Red;52;"R ";858,90;"H ";HL Road Frame;Current;Road Frames;Components
250;14;HL Road Frame - Red, 56;Red;56;"R ";758,0759;"H ";HL Road Frame;Obsolet;Road Frames;Components
251;14;HL Road Frame - Red, 56;Red;56;"R ";780,8182;"H ";HL Road Frame;Obsolet;Road Frames;Components
252;14;HL Road Frame - Red, 56;Red;56;"R ";858,90;"H ";HL Road Frame;Current;Road Frames;Components
253;14;LL Road Frame - Black, 58;Black;58;"R ";178,5808;"L ";LL Road Frame;Obsolet;Road Frames;Components
254;14;LL Road Frame - Black, 58;Black;58;"R ";183,9382;"L ";LL Road Frame;Obsolet;Road Frames;Components
255;14;LL Road Frame - Black, 58;Black;58;"R ";202,332;"L ";LL Road Frame;Current;Road Frames;Components
256;14;LL Road Frame - Black, 60;Black;60;"R ";178,5808;"L ";LL Road Frame;Obsolet;Road Frames;Components
257;14;LL Road Frame - Black, 60;Black;60;"R ";183,9382;"L ";LL Road Frame;Obsolet;Road Frames;Components
258;14;LL Road Frame - Black, 60;Black;60;"R ";202,332;"L ";LL Road Frame;Current;Road Frames;Components
259;14;LL Road Frame - Black, 62;Black;62;"R ";178,5808;"L ";LL Road Frame;Obsolet;Road Frames;Components
260;14;LL Road Frame - Black, 62;Black;62;"R ";183,9382;"L ";LL Road Frame;Obsolet;Road Frames;Components
261;14;LL Road Frame - Black, 62;Black;62;"R ";202,332;"L ";LL Road Frame;Current;Road Frames;Components
262;14;LL Road Frame - Red, 44;Red;44;"R ";183,9382;"L ";LL Road Frame;Obsolet;Road Frames;Components
263;14;LL Road Frame - Red, 44;Red;44;"R ";202,332;"L ";LL Road Frame;Obsolet;Road Frames;Components
264;14;LL Road Frame - Red, 48;Red;48;"R ";183,9382;"L ";LL Road Frame;Obsolet;Road Frames;Components
265;14;LL Road Frame - Red, 48;Red;48;"R ";202,332;"L ";LL Road Frame;Obsolet;Road Frames;Components
266;14;LL Road Frame - Red, 52;Red;52;"R ";183,9382;"L ";LL Road Frame;Obsolet;Road Frames;Components
267;14;LL Road Frame - Red, 52;Red;52;"R ";202,332;"L ";LL Road Frame;Obsolet;Road Frames;Components
268;14;LL Road Frame - Red, 58;Red;58;"R ";183,9382;"L ";LL Road Frame;Obsolet;Road Frames;Components
269;14;LL Road Frame - Red, 58;Red;58;"R ";202,332;"L ";LL Road Frame;Obsolet;Road Frames;Components
270;14;LL Road Frame - Red, 60;Red;60;"R ";183,9382;"L ";LL Road Frame;Obsolet;Road Frames;Components
271;14;LL Road Frame - Red, 60;Red;60;"R ";202,332;"L ";LL Road Frame;Obsolet;Road Frames;Components
272;14;LL Road Frame - Red, 62;Red;62;"R ";183,9382;"L ";LL Road Frame;Obsolet;Road Frames;Components
273;14;LL Road Frame - Red, 62;Red;62;"R ";202,332;"L ";LL Road Frame;Obsolet;Road Frames;Components
274;14;ML Road Frame - Red, 44;Red;44;"R ";356,898;"M ";ML Road Frame;Obsolet;Road Frames;Components
275;14;ML Road Frame - Red, 48;Red;48;"R ";356,898;"M ";ML Road Frame;Obsolet;Road Frames;Components
276;14;ML Road Frame - Red, 52;Red;52;"R ";356,898;"M ";ML Road Frame;Obsolet;Road Frames;Components
277;14;ML Road Frame - Red, 58;Red;58;"R ";356,898;"M ";ML Road Frame;Obsolet;Road Frames;Components
278;14;ML Road Frame - Red, 60;Red;60;"R ";356,898;"M ";ML Road Frame;Obsolet;Road Frames;Components
279;14;LL Road Frame - Black, 44;Black;44;"R ";178,5808;"L ";LL Road Frame;Obsolet;Road Frames;Components
280;14;LL Road Frame - Black, 44;Black;44;"R ";183,9382;"L ";LL Road Frame;Obsolet;Road Frames;Components
281;14;LL Road Frame - Black, 44;Black;44;"R ";202,332;"L ";LL Road Frame;Current;Road Frames;Components
282;14;LL Road Frame - Black, 48;Black;48;"R ";178,5808;"L ";LL Road Frame;Obsolet;Road Frames;Components
283;14;LL Road Frame - Black, 48;Black;48;"R ";183,9382;"L ";LL Road Frame;Obsolet;Road Frames;Components
284;14;LL Road Frame - Black, 48;Black;48;"R ";202,332;"L ";LL Road Frame;Current;Road Frames;Components
285;14;LL Road Frame - Black, 52;Black;52;"R ";178,5808;"L ";LL Road Frame;Obsolet;Road Frames;Components
286;14;LL Road Frame - Black, 52;Black;52;"R ";183,9382;"L ";LL Road Frame;Obsolet;Road Frames;Components
287;14;LL Road Frame - Black, 52;Black;52;"R ";202,332;"L ";LL Road Frame;Current;Road Frames;Components
288;12;HL Mountain Frame - Silver, 42;Silver;42;"M ";722,5949;"H ";HL Mountain Frame;Obsolet;Mountain Frames;Components
289;12;HL Mountain Frame - Silver, 42;Silver;42;"M ";744,2727;"H ";HL Mountain Frame;Obsolet;Mountain Frames;Components
290;12;HL Mountain Frame - Silver, 42;Silver;42;"M ";818,70;"H ";HL Mountain Frame;Current;Mountain Frames;Components
291;12;HL Mountain Frame - Silver, 44;Silver;44;"M ";818,70;"H ";HL Mountain Frame;Obsolet;Mountain Frames;Components
292;12;HL Mountain Frame - Silver, 48;Silver;48;"M ";818,70;"H ";HL Mountain Frame;Obsolet;Mountain Frames;Components
293;12;HL Mountain Frame - Silver, 46;Silver;46;"M ";722,5949;"H ";HL Mountain Frame;Obsolet;Mountain Frames;Components
294;12;HL Mountain Frame - Silver, 46;Silver;46;"M ";744,2727;"H ";HL Mountain Frame;Obsolet;Mountain Frames;Components
295;12;HL Mountain Frame - Silver, 46;Silver;46;"M ";818,70;"H ";HL Mountain Frame;Current;Mountain Frames;Components
296;12;HL Mountain Frame - Black, 42;Black;42;"M ";714,7043;"H ";HL Mountain Frame;Obsolet;Mountain Frames;Components
297;12;HL Mountain Frame - Black, 42;Black;42;"M ";736,1455;"H ";HL Mountain Frame;Obsolet;Mountain Frames;Components
298;12;HL Mountain Frame - Black, 42;Black;42;"M ";809,76;"H ";HL Mountain Frame;Current;Mountain Frames;Components
299;12;HL Mountain Frame - Black, 44;Black;44;"M ";809,76;"H ";HL Mountain Frame;Obsolet;Mountain Frames;Components
300;12;HL Mountain Frame - Black, 48;Black;48;"M ";809,76;"H ";HL Mountain Frame;Obsolet;Mountain Frames;Components
301;12;HL Mountain Frame - Black, 46;Black;46;"M ";714,7043;"H ";HL Mountain Frame;Obsolet;Mountain Frames;Components
302;12;HL Mountain Frame - Black, 46;Black;46;"M ";736,1455;"H ";HL Mountain Frame;Obsolet;Mountain Frames;Components
303;12;HL Mountain Frame - Black, 46;Black;46;"M ";809,76;"H ";HL Mountain Frame;Current;Mountain Frames;Components
304;12;HL Mountain Frame - Black, 38;Black;38;"M ";714,7043;"H ";HL Mountain Frame;Obsolet;Mountain Frames;Components
305;12;HL Mountain Frame - Black, 38;Black;38;"M ";736,1455;"H ";HL Mountain Frame;Obsolet;Mountain Frames;Components
306;12;HL Mountain Frame - Black, 38;Black;38;"M ";809,76;"H ";HL Mountain Frame;Current;Mountain Frames;Components
307;12;HL Mountain Frame - Silver, 38;Silver;38;"M ";722,5949;"H ";HL Mountain Frame;Obsolet;Mountain Frames;Components
308;12;HL Mountain Frame - Silver, 38;Silver;38;"M ";744,2727;"H ";HL Mountain Frame;Obsolet;Mountain Frames;Components
309;12;HL Mountain Frame - Silver, 38;Silver;38;"M ";818,70;"H ";HL Mountain Frame;Current;Mountain Frames;Components
310;2;Road-150 Red, 62;Red;62;"R ";2146,962;"H ";Road-150;Obsolet;Road Bikes;Bikes
311;2;Road-150 Red, 44;Red;44;"R ";2146,962;"H ";Road-150;Obsolet;Road Bikes;Bikes
312;2;Road-150 Red, 48;Red;48;"R ";2146,962;"H ";Road-150;Obsolet;Road Bikes;Bikes
313;2;Road-150 Red, 52;Red;52;"R ";2146,962;"H ";Road-150;Obsolet;Road Bikes;Bikes
314;2;Road-150 Red, 56;Red;56;"R ";2146,962;"H ";Road-150;Obsolet;Road Bikes;Bikes
315;2;Road-450 Red, 58;Red;58;"R ";874,794;"M ";Road-450;Obsolet;Road Bikes;Bikes
316;2;Road-450 Red, 60;Red;60;"R ";874,794;"M ";Road-450;Obsolet;Road Bikes;Bikes
317;2;Road-450 Red, 44;Red;44;"R ";874,794;"M ";Road-450;Obsolet;Road Bikes;Bikes
318;2;Road-450 Red, 48;Red;48;"R ";874,794;"M ";Road-450;Obsolet;Road Bikes;Bikes
319;2;Road-450 Red, 52;Red;52;"R ";874,794;"M ";Road-450;Obsolet;Road Bikes;Bikes
320;2;Road-650 Red, 58;Red;58;"R ";419,4589;"L ";Road-650;Obsolet;Road Bikes;Bikes
321;2;Road-650 Red, 58;Red;58;"R ";469,794;"L ";Road-650;Obsolet;Road Bikes;Bikes
322;2;Road-650 Red, 60;Red;60;"R ";419,4589;"L ";Road-650;Obsolet;Road Bikes;Bikes
323;2;Road-650 Red, 60;Red;60;"R ";469,794;"L ";Road-650;Obsolet;Road Bikes;Bikes
324;2;Road-650 Red, 62;Red;62;"R ";419,4589;"L ";Road-650;Obsolet;Road Bikes;Bikes
325;2;Road-650 Red, 62;Red;62;"R ";469,794;"L ";Road-650;Obsolet;Road Bikes;Bikes
326;2;Road-650 Red, 44;Red;44;"R ";419,4589;"L ";Road-650;Obsolet;Road Bikes;Bikes
327;2;Road-650 Red, 44;Red;44;"R ";469,794;"L ";Road-650;Obsolet;Road Bikes;Bikes
328;2;Road-650 Red, 48;Red;48;"R ";419,4589;"L ";Road-650;Obsolet;Road Bikes;Bikes
329;2;Road-650 Red, 48;Red;48;"R ";469,794;"L ";Road-650;Obsolet;Road Bikes;Bikes
330;2;Road-650 Red, 52;Red;52;"R ";419,4589;"L ";Road-650;Obsolet;Road Bikes;Bikes
331;2;Road-650 Red, 52;Red;52;"R ";469,794;"L ";Road-650;Obsolet;Road Bikes;Bikes
332;2;Road-650 Black, 58;Black;58;"R ";419,4589;"L ";Road-650;Obsolet;Road Bikes;Bikes
333;2;Road-650 Black, 58;Black;58;"R ";469,794;"L ";Road-650;Obsolet;Road Bikes;Bikes
334;2;Road-650 Black, 60;Black;60;"R ";419,4589;"L ";Road-650;Obsolet;Road Bikes;Bikes
335;2;Road-650 Black, 60;Black;60;"R ";469,794;"L ";Road-650;Obsolet;Road Bikes;Bikes
336;2;Road-650 Black, 62;Black;62;"R ";419,4589;"L ";Road-650;Obsolet;Road Bikes;Bikes
337;2;Road-650 Black, 62;Black;62;"R ";469,794;"L ";Road-650;Obsolet;Road Bikes;Bikes
338;2;Road-650 Black, 44;Black;44;"R ";419,4589;"L ";Road-650;Obsolet;Road Bikes;Bikes
339;2;Road-650 Black, 44;Black;44;"R ";469,794;"L ";Road-650;Obsolet;Road Bikes;Bikes
340;2;Road-650 Black, 48;Black;48;"R ";419,4589;"L ";Road-650;Obsolet;Road Bikes;Bikes
341;2;Road-650 Black, 48;Black;48;"R ";469,794;"L ";Road-650;Obsolet;Road Bikes;Bikes
342;2;Road-650 Black, 52;Black;52;"R ";419,4589;"L ";Road-650;Obsolet;Road Bikes;Bikes
343;2;Road-650 Black, 52;Black;52;"R ";469,794;"L ";Road-650;Obsolet;Road Bikes;Bikes
344;1;Mountain-100 Silver, 38;Silver;38;"M ";2039,994;"H ";Mountain-100;Obsolet;Mountain Bikes;Bikes
345;1;Mountain-100 Silver, 42;Silver;42;"M ";2039,994;"H ";Mountain-100;Obsolet;Mountain Bikes;Bikes
346;1;Mountain-100 Silver, 44;Silver;44;"M ";2039,994;"H ";Mountain-100;Obsolet;Mountain Bikes;Bikes
347;1;Mountain-100 Silver, 48;Silver;48;"M ";2039,994;"H ";Mountain-100;Obsolet;Mountain Bikes;Bikes
348;1;Mountain-100 Black, 38;Black;38;"M ";2024,994;"H ";Mountain-100;Obsolet;Mountain Bikes;Bikes
349;1;Mountain-100 Black, 42;Black;42;"M ";2024,994;"H ";Mountain-100;Obsolet;Mountain Bikes;Bikes
350;1;Mountain-100 Black, 44;Black;44;"M ";2024,994;"H ";Mountain-100;Obsolet;Mountain Bikes;Bikes
351;1;Mountain-100 Black, 48;Black;48;"M ";2024,994;"H ";Mountain-100;Obsolet;Mountain Bikes;Bikes
352;1;Mountain-200 Silver, 38;Silver;38;"M ";1242,8518;"H ";Mountain-200;Obsolet;Mountain Bikes;Bikes
353;1;Mountain-200 Silver, 38;Silver;38;"M ";1391,994;"H ";Mountain-200;Current;Mountain Bikes;Bikes
354;1;Mountain-200 Silver, 42;Silver;42;"M ";1242,8518;"H ";Mountain-200;Obsolet;Mountain Bikes;Bikes
355;1;Mountain-200 Silver, 42;Silver;42;"M ";1391,994;"H ";Mountain-200;Current;Mountain Bikes;Bikes
356;1;Mountain-200 Silver, 46;Silver;46;"M ";1242,8518;"H ";Mountain-200;Obsolet;Mountain Bikes;Bikes
357;1;Mountain-200 Silver, 46;Silver;46;"M ";1391,994;"H ";Mountain-200;Current;Mountain Bikes;Bikes
358;1;Mountain-200 Black, 38;Black;38;"M ";1229,4589;"H ";Mountain-200;Obsolet;Mountain Bikes;Bikes
359;1;Mountain-200 Black, 38;Black;38;"M ";1376,994;"H ";Mountain-200;Current;Mountain Bikes;Bikes
360;1;Mountain-200 Black, 42;Black;42;"M ";1229,4589;"H ";Mountain-200;Obsolet;Mountain Bikes;Bikes
361;1;Mountain-200 Black, 42;Black;42;"M ";1376,994;"H ";Mountain-200;Current;Mountain Bikes;Bikes
362;1;Mountain-200 Black, 46;Black;46;"M ";1229,4589;"H ";Mountain-200;Obsolet;Mountain Bikes;Bikes
363;1;Mountain-200 Black, 46;Black;46;"M ";1376,994;"H ";Mountain-200;Current;Mountain Bikes;Bikes
364;1;Mountain-300 Black, 38;Black;38;"M ";647,994;"M ";Mountain-300;Obsolet;Mountain Bikes;Bikes
365;1;Mountain-300 Black, 40;Black;40;"M ";647,994;"M ";Mountain-300;Obsolet;Mountain Bikes;Bikes
366;1;Mountain-300 Black, 44;Black;44;"M ";647,994;"M ";Mountain-300;Obsolet;Mountain Bikes;Bikes
367;1;Mountain-300 Black, 48;Black;48;"M ";647,994;"M ";Mountain-300;Obsolet;Mountain Bikes;Bikes
368;2;Road-250 Red, 44;Red;44;"R ";1466,01;"H ";Road-250;Obsolet;Road Bikes;Bikes
369;2;Road-250 Red, 48;Red;48;"R ";1466,01;"H ";Road-250;Obsolet;Road Bikes;Bikes
370;2;Road-250 Red, 52;Red;52;"R ";1466,01;"H ";Road-250;Obsolet;Road Bikes;Bikes
371;2;Road-250 Red, 58;Red;58;"R ";1308,9375;"H ";Road-250;Obsolet;Road Bikes;Bikes
372;2;Road-250 Red, 58;Red;58;"R ";1466,01;"H ";Road-250;Current;Road Bikes;Bikes
373;2;Road-250 Black, 44;Black;44;"R ";1308,9375;"H ";Road-250;Obsolet;Road Bikes;Bikes
374;2;Road-250 Black, 44;Black;44;"R ";1466,01;"H ";Road-250;Current;Road Bikes;Bikes
375;2;Road-250 Black, 48;Black;48;"R ";1308,9375;"H ";Road-250;Obsolet;Road Bikes;Bikes
376;2;Road-250 Black, 48;Black;48;"R ";1466,01;"H ";Road-250;Current;Road Bikes;Bikes
377;2;Road-250 Black, 52;Black;52;"R ";1308,9375;"H ";Road-250;Obsolet;Road Bikes;Bikes
378;2;Road-250 Black, 52;Black;52;"R ";1466,01;"H ";Road-250;Current;Road Bikes;Bikes
379;2;Road-250 Black, 58;Black;58;"R ";1308,9375;"H ";Road-250;Obsolet;Road Bikes;Bikes
380;2;Road-250 Black, 58;Black;58;"R ";1466,01;"H ";Road-250;Current;Road Bikes;Bikes
381;2;Road-550-W Yellow, 38;Yellow;38;"R ";600,2625;"M ";Road-550-W;Obsolet;Road Bikes;Bikes
382;2;Road-550-W Yellow, 38;Yellow;38;"R ";672,294;"M ";Road-550-W;Current;Road Bikes;Bikes
383;2;Road-550-W Yellow, 40;Yellow;40;"R ";600,2625;"M ";Road-550-W;Obsolet;Road Bikes;Bikes
384;2;Road-550-W Yellow, 40;Yellow;40;"R ";672,294;"M ";Road-550-W;Current;Road Bikes;Bikes
385;2;Road-550-W Yellow, 42;Yellow;42;"R ";600,2625;"M ";Road-550-W;Obsolet;Road Bikes;Bikes
386;2;Road-550-W Yellow, 42;Yellow;42;"R ";672,294;"M ";Road-550-W;Current;Road Bikes;Bikes
387;2;Road-550-W Yellow, 44;Yellow;44;"R ";600,2625;"M ";Road-550-W;Obsolet;Road Bikes;Bikes
388;2;Road-550-W Yellow, 44;Yellow;44;"R ";672,294;"M ";Road-550-W;Current;Road Bikes;Bikes
389;2;Road-550-W Yellow, 48;Yellow;48;"R ";600,2625;"M ";Road-550-W;Obsolet;Road Bikes;Bikes
390;2;Road-550-W Yellow, 48;Yellow;48;"R ";672,294;"M ";Road-550-W;Current;Road Bikes;Bikes
391;10;LL Fork;NA;NULL;NULL;88,932;"L ";LL Fork;Obsolet;Forks;Components
392;10;ML Fork;NA;NULL;NULL;105,294;"M ";ML Fork;Obsolet;Forks;Components
393;10;HL Fork;NA;NULL;NULL;137,694;"H ";HL Fork;Obsolet;Forks;Components
394;11;LL Headset;NA;NULL;NULL;20,52;"L ";LL Headset;Obsolet;Headsets;Components
395;11;ML Headset;NA;NULL;NULL;61,374;"M ";ML Headset;Obsolet;Headsets;Components
396;11;HL Headset;NA;NULL;NULL;74,838;"H ";HL Headset;Obsolet;Headsets;Components
397;4;LL Mountain Handlebars;NA;NULL;"M ";24,2945;"L ";LL Mountain Handlebars;Obsolet;Handlebars;Components
398;4;LL Mountain Handlebars;NA;NULL;"M ";26,724;"L ";LL Mountain Handlebars;Current;Handlebars;Components
399;4;ML Mountain Handlebars;NA;NULL;"M ";33,7745;"M ";ML Mountain Handlebars;Obsolet;Handlebars;Components
400;4;ML Mountain Handlebars;NA;NULL;"M ";37,152;"M ";ML Mountain Handlebars;Current;Handlebars;Components
401;4;HL Mountain Handlebars;NA;NULL;"M ";65,6018;"H ";HL Mountain Handlebars;Obsolet;Handlebars;Components
402;4;HL Mountain Handlebars;NA;NULL;"M ";72,162;"H ";HL Mountain Handlebars;Current;Handlebars;Components
403;4;LL Road Handlebars;NA;NULL;"R ";24,2945;"L ";LL Road Handlebars;Obsolet;Handlebars;Components
404;4;LL Road Handlebars;NA;NULL;"R ";26,724;"L ";LL Road Handlebars;Current;Handlebars;Components
405;4;ML Road Handlebars;NA;NULL;"R ";33,7745;"M ";ML Road Handlebars;Obsolet;Handlebars;Components
406;4;ML Road Handlebars;NA;NULL;"R ";37,152;"M ";ML Road Handlebars;Current;Handlebars;Components
407;4;HL Road Handlebars;NA;NULL;"R ";65,6018;"H ";HL Road Handlebars;Obsolet;Handlebars;Components
408;4;HL Road Handlebars;NA;NULL;"R ";72,162;"H ";HL Road Handlebars;Current;Handlebars;Components
409;12;ML Mountain Frame - Black, 38;Black;38;"M ";209,256;"M ";ML Mountain Frame-W;Obsolet;Mountain Frames;Components
410;17;LL Mountain Front Wheel;Black;NULL;"M ";36,447;"L ";LL Mountain Front Wheel;Obsolet;Wheels;Components
411;17;ML Mountain Front Wheel;Black;NULL;"M ";125,415;"M ";ML Mountain Front Wheel;Obsolet;Wheels;Components
412;17;HL Mountain Front Wheel;Black;NULL;"M ";180,129;"H ";HL Mountain Front Wheel;Obsolet;Wheels;Components
413;17;LL Road Front Wheel;Black;NULL;"R ";51,339;"L ";LL Road Front Wheel;Obsolet;Wheels;Components
414;17;ML Road Front Wheel;Black;NULL;"R ";149,031;"M ";ML Road Front Wheel;Obsolet;Wheels;Components
415;17;HL Road Front Wheel;Black;NULL;"R ";198,036;"H ";HL Road Front Wheel;Obsolet;Wheels;Components
416;17;Touring Front Wheel;Black;NULL;"T ";130,806;NULL;Touring Front Wheel;Obsolet;Wheels;Components
417;14;ML Road Frame-W - Yellow, 38;Yellow;38;"R ";324,4527;"M ";ML Road Frame-W;Obsolet;Road Frames;Components
418;14;ML Road Frame-W - Yellow, 38;Yellow;38;"R ";356,898;"M ";ML Road Frame-W;Current;Road Frames;Components
419;17;LL Mountain Rear Wheel;Black;NULL;"M ";52,647;"L ";LL Mountain Rear Wheel;Obsolet;Wheels;Components
420;17;ML Mountain Rear Wheel;Black;NULL;"M ";141,615;"M ";ML Mountain Rear Wheel;Obsolet;Wheels;Components
421;17;HL Mountain Rear Wheel;Black;NULL;"M ";196,329;"H ";HL Mountain Rear Wheel;Obsolet;Wheels;Components
422;17;LL Road Rear Wheel;Black;NULL;"R ";67,539;"L ";LL Road Rear Wheel;Obsolet;Wheels;Components
423;17;ML Road Rear Wheel;Black;NULL;"R ";165,231;"M ";ML Road Rear Wheel;Obsolet;Wheels;Components
424;17;HL Road Rear Wheel;Black;NULL;"R ";214,236;"H ";HL Road Rear Wheel;Obsolet;Wheels;Components
425;17;Touring Rear Wheel;Black;NULL;"T ";147,006;NULL;Touring Rear Wheel;Obsolet;Wheels;Components
426;12;ML Mountain Frame - Black, 40;Black;40;"M ";209,256;"M ";ML Mountain Frame;Obsolet;Mountain Frames;Components
427;12;ML Mountain Frame - Black, 44;Black;44;"M ";209,256;"M ";ML Mountain Frame;Obsolet;Mountain Frames;Components
428;12;ML Mountain Frame - Black, 48;Black;48;"M ";209,256;"M ";ML Mountain Frame;Obsolet;Mountain Frames;Components
429;14;ML Road Frame-W - Yellow, 40;Yellow;40;"R ";324,4527;"M ";ML Road Frame-W;Obsolet;Road Frames;Components
430;14;ML Road Frame-W - Yellow, 40;Yellow;40;"R ";356,898;"M ";ML Road Frame-W;Current;Road Frames;Components
431;14;ML Road Frame-W - Yellow, 42;Yellow;42;"R ";324,4527;"M ";ML Road Frame-W;Obsolet;Road Frames;Components
432;14;ML Road Frame-W - Yellow, 42;Yellow;42;"R ";356,898;"M ";ML Road Frame-W;Current;Road Frames;Components
433;14;ML Road Frame-W - Yellow, 44;Yellow;44;"R ";324,4527;"M ";ML Road Frame-W;Obsolet;Road Frames;Components
434;14;ML Road Frame-W - Yellow, 44;Yellow;44;"R ";356,898;"M ";ML Road Frame-W;Current;Road Frames;Components
435;14;ML Road Frame-W - Yellow, 48;Yellow;48;"R ";324,4527;"M ";ML Road Frame-W;Obsolet;Road Frames;Components
436;14;ML Road Frame-W - Yellow, 48;Yellow;48;"R ";356,898;"M ";ML Road Frame-W;Current;Road Frames;Components
437;14;HL Road Frame - Black, 62;Black;62;"R ";780,8182;"H ";HL Road Frame;Obsolet;Road Frames;Components
438;14;HL Road Frame - Black, 62;Black;62;"R ";858,90;"H ";HL Road Frame;Current;Road Frames;Components
439;14;HL Road Frame - Black, 44;Black;44;"R ";780,8182;"H ";HL Road Frame;Obsolet;Road Frames;Components
440;14;HL Road Frame - Black, 44;Black;44;"R ";858,90;"H ";HL Road Frame;Current;Road Frames;Components
441;14;HL Road Frame - Black, 48;Black;48;"R ";780,8182;"H ";HL Road Frame;Obsolet;Road Frames;Components
442;14;HL Road Frame - Black, 48;Black;48;"R ";858,90;"H ";HL Road Frame;Current;Road Frames;Components
443;14;HL Road Frame - Black, 52;Black;52;"R ";780,8182;"H ";HL Road Frame;Obsolet;Road Frames;Components
444;14;HL Road Frame - Black, 52;Black;52;"R ";858,90;"H ";HL Road Frame;Current;Road Frames;Components
445;22;Men's Sports Shorts, S;Black;S;"S ";35,994;NULL;Men's Sports Shorts;Obsolet;Shorts;Clothing
446;35;Touring-Panniers, Large;Grey;NULL;"T ";75,00;NULL;Touring-Panniers;Obsolet;Panniers;Accessories
447;34;Cable Lock;NA;NULL;"S ";15,00;NULL;Cable Lock;Obsolet;Locks;Accessories
448;36;Minipump;NA;NULL;"S ";11,994;NULL;Minipump;Obsolet;Pumps;Accessories
449;36;Mountain Pump;NA;NULL;"M ";14,994;NULL;Mountain Pump;Obsolet;Pumps;Accessories
450;33;Taillights - Battery-Powered;NA;NULL;"R ";8,394;NULL;Taillight;Obsolet;Lights;Accessories
451;33;Headlights - Dual-Beam;NA;NULL;"R ";20,994;NULL;Headlights - Dual-Beam;Obsolet;Lights;Accessories
452;33;Headlights - Weatherproof;NA;NULL;"R ";26,994;NULL;Headlights - Weatherproof;Obsolet;Lights;Accessories
453;22;Men's Sports Shorts, M;Black;M;"S ";35,994;NULL;Men's Sports Shorts;Obsolet;Shorts;Clothing
454;22;Men's Sports Shorts, L;Black;L;"S ";35,994;NULL;Men's Sports Shorts;Obsolet;Shorts;Clothing
455;22;Men's Sports Shorts, XL;Black;XL;"S ";35,994;NULL;Men's Sports Shorts;Obsolet;Shorts;Clothing
456;24;Women's Tights, S;Black;S;"S ";44,994;NULL;Women's Tights;Obsolet;Tights;Clothing
457;24;Women's Tights, M;Black;M;"S ";44,994;NULL;Women's Tights;Obsolet;Tights;Clothing
458;24;Women's Tights, L;Black;L;"S ";44,994;NULL;Women's Tights;Obsolet;Tights;Clothing
459;18;Men's Bib-Shorts, S;Multi;S;"S ";53,994;NULL;Men's Bib-Shorts;Obsolet;Bib-Shorts;Clothing
460;18;Men's Bib-Shorts, M;Multi;M;"S ";53,994;NULL;Men's Bib-Shorts;Obsolet;Bib-Shorts;Clothing
461;18;Men's Bib-Shorts, L;Multi;L;"S ";53,994;NULL;Men's Bib-Shorts;Obsolet;Bib-Shorts;Clothing
462;20;Half-Finger Gloves, S;Black;S;"S ";14,1289;NULL;Half-Finger Gloves;Obsolet;Gloves;Clothing
463;20;Half-Finger Gloves, S;Black;S;"S ";14,694;NULL;Half-Finger Gloves;Current;Gloves;Clothing
464;20;Half-Finger Gloves, M;Black;M;"S ";14,1289;NULL;Half-Finger Gloves;Obsolet;Gloves;Clothing
465;20;Half-Finger Gloves, M;Black;M;"S ";14,694;NULL;Half-Finger Gloves;Current;Gloves;Clothing
466;20;Half-Finger Gloves, L;Black;L;"S ";14,1289;NULL;Half-Finger Gloves;Obsolet;Gloves;Clothing
467;20;Half-Finger Gloves, L;Black;L;"S ";14,694;NULL;Half-Finger Gloves;Current;Gloves;Clothing
468;20;Full-Finger Gloves, S;Black;S;"M ";22,794;NULL;Full-Finger Gloves;Obsolet;Gloves;Clothing
469;20;Full-Finger Gloves, M;Black;M;"M ";22,794;NULL;Full-Finger Gloves;Obsolet;Gloves;Clothing
470;20;Full-Finger Gloves, L;Black;L;"M ";22,794;NULL;Full-Finger Gloves;Obsolet;Gloves;Clothing
471;25;Classic Vest, S;Blue;S;"S ";38,10;NULL;Classic Vest;Current;Vests;Clothing
472;25;Classic Vest, M;Blue;M;"S ";38,10;NULL;Classic Vest;Current;Vests;Clothing
473;25;Classic Vest, L;Blue;L;"S ";38,10;NULL;Classic Vest;Current;Vests;Clothing
474;22;Women's Mountain Shorts, S;Black;S;"M ";41,994;NULL;Women's Mountain Shorts;Current;Shorts;Clothing
475;22;Women's Mountain Shorts, M;Black;M;"M ";41,994;NULL;Women's Mountain Shorts;Current;Shorts;Clothing
476;22;Women's Mountain Shorts, L;Black;L;"M ";41,994;NULL;Women's Mountain Shorts;Current;Shorts;Clothing
477;28;Water Bottle - 30 oz.;NA;NULL;"S ";2,994;NULL;Water Bottle;Current;Bottles and Cages;Accessories
478;28;Mountain Bottle Cage;NA;NULL;"M ";5,994;NULL;Mountain Bottle Cage;Current;Bottles and Cages;Accessories
479;28;Road Bottle Cage;NA;NULL;"R ";5,394;NULL;Road Bottle Cage;Current;Bottles and Cages;Accessories
480;37;Patch Kit/8 Patches;NA;NULL;"S ";1,374;NULL;Patch kit;Current;Tires and Tubes;Accessories
481;23;Racing Socks, M;White;M;"R ";5,394;NULL;Racing Socks;Current;Socks;Clothing
482;23;Racing Socks, L;White;L;"R ";5,394;NULL;Racing Socks;Current;Socks;Clothing
483;26;Hitch Rack - 4-Bike;NA;NULL;"S ";72,00;NULL;Hitch Rack - 4-Bike;Current;Bike Racks;Accessories
484;29;Bike Wash - Dissolver;NA;NULL;"S ";4,77;NULL;Bike Wash;Current;Cleaners;Accessories
485;30;Fender Set - Mountain;NA;NULL;"M ";13,188;NULL;Fender Set - Mountain;Current;Fenders;Accessories
486;27;All-Purpose Bike Stand;NA;NULL;"M ";95,40;NULL;All-Purpose Bike Stand;Current;Bike Stands;Accessories
487;32;Hydration Pack - 70 oz.;Silver;70;"S ";32,994;NULL;Hydration Pack;Current;Hydration Packs;Accessories
488;21;Short-Sleeve Classic Jersey, S;Yellow;S;"S ";32,394;NULL;Short-Sleeve Classic Jersey;Current;Jerseys;Clothing
489;21;Short-Sleeve Classic Jersey, M;Yellow;M;"S ";32,394;NULL;Short-Sleeve Classic Jersey;Current;Jerseys;Clothing
490;21;Short-Sleeve Classic Jersey, L;Yellow;L;"S ";32,394;NULL;Short-Sleeve Classic Jersey;Current;Jerseys;Clothing
491;21;Short-Sleeve Classic Jersey, XL;Yellow;XL;"S ";32,394;NULL;Short-Sleeve Classic Jersey;Current;Jerseys;Clothing
492;16;HL Touring Frame - Yellow, 60;Yellow;60;"T ";602,346;"H ";HL Touring Frame;Current;Touring Frames;Components
493;16;LL Touring Frame - Yellow, 62;Yellow;62;"T ";200,052;"L ";LL Touring Frame;Current;Touring Frames;Components
494;16;HL Touring Frame - Yellow, 46;Yellow;46;"T ";602,346;"H ";HL Touring Frame;Current;Touring Frames;Components
495;16;HL Touring Frame - Yellow, 50;Yellow;50;"T ";602,346;"H ";HL Touring Frame;Current;Touring Frames;Components
496;16;HL Touring Frame - Yellow, 54;Yellow;54;"T ";602,346;"H ";HL Touring Frame;Current;Touring Frames;Components
497;16;HL Touring Frame - Blue, 46;Blue;46;"T ";602,346;"H ";HL Touring Frame;Current;Touring Frames;Components
498;16;HL Touring Frame - Blue, 50;Blue;50;"T ";602,346;"H ";HL Touring Frame;Current;Touring Frames;Components
499;16;HL Touring Frame - Blue, 54;Blue;54;"T ";602,346;"H ";HL Touring Frame;Current;Touring Frames;Components
500;16;HL Touring Frame - Blue, 60;Blue;60;"T ";602,346;"H ";HL Touring Frame;Current;Touring Frames;Components
501;9;Rear Derailleur;Silver;NULL;NULL;72,876;NULL;Rear Derailleur;Current;Derailleurs;Components
502;16;LL Touring Frame - Blue, 50;Blue;50;"T ";200,052;"L ";LL Touring Frame;Current;Touring Frames;Components
503;16;LL Touring Frame - Blue, 54;Blue;54;"T ";200,052;"L ";LL Touring Frame;Current;Touring Frames;Components
504;16;LL Touring Frame - Blue, 58;Blue;58;"T ";200,052;"L ";LL Touring Frame;Current;Touring Frames;Components
505;16;LL Touring Frame - Blue, 62;Blue;62;"T ";200,052;"L ";LL Touring Frame;Current;Touring Frames;Components
506;16;LL Touring Frame - Yellow, 44;Yellow;44;"T ";200,052;"L ";LL Touring Frame;Current;Touring Frames;Components
507;16;LL Touring Frame - Yellow, 50;Yellow;50;"T ";200,052;"L ";LL Touring Frame;Current;Touring Frames;Components
508;16;LL Touring Frame - Yellow, 54;Yellow;54;"T ";200,052;"L ";LL Touring Frame;Current;Touring Frames;Components
509;16;LL Touring Frame - Yellow, 58;Yellow;58;"T ";200,052;"L ";LL Touring Frame;Current;Touring Frames;Components
510;16;LL Touring Frame - Blue, 44;Blue;44;"T ";200,052;"L ";LL Touring Frame;Current;Touring Frames;Components
511;12;ML Mountain Frame-W - Silver, 40;Silver;40;"M ";218,454;"M ";ML Mountain Frame-W;Current;Mountain Frames;Components
512;12;ML Mountain Frame-W - Silver, 42;Silver;42;"M ";218,454;"M ";ML Mountain Frame-W;Current;Mountain Frames;Components
513;12;ML Mountain Frame-W - Silver, 46;Silver;46;"M ";218,454;"M ";ML Mountain Frame-W;Current;Mountain Frames;Components
514;6;Rear Brakes;Silver;NULL;NULL;63,90;NULL;Rear Brakes;Current;Brakes;Components
515;15;LL Mountain Seat/Saddle;NA;NULL;"M ";16,272;"L ";LL Mountain Seat/Saddle 2;Current;Saddles;Components
516;15;ML Mountain Seat/Saddle;NA;NULL;"M ";23,484;"M ";ML Mountain Seat/Saddle 2;Current;Saddles;Components
517;15;HL Mountain Seat/Saddle;NA;NULL;"M ";31,584;"H ";HL Mountain Seat/Saddle 2;Current;Saddles;Components
518;15;LL Road Seat/Saddle;NA;NULL;"R ";16,272;"L ";LL Road Seat/Saddle 1;Current;Saddles;Components
519;15;ML Road Seat/Saddle;NA;NULL;"T ";23,484;"M ";ML Road Seat/Saddle 2;Current;Saddles;Components
520;15;HL Road Seat/Saddle;NA;NULL;"R ";31,584;"H ";HL Road Seat/Saddle 2;Current;Saddles;Components
521;15;LL Touring Seat/Saddle;NA;NULL;"T ";16,272;"L ";LL Touring Seat/Saddle;Current;Saddles;Components
522;15;ML Touring Seat/Saddle;NA;NULL;"T ";23,484;"M ";ML Touring Seat/Saddle;Current;Saddles;Components
523;15;HL Touring Seat/Saddle;NA;NULL;"T ";31,584;"H ";HL Touring Seat/Saddle;Current;Saddles;Components
524;12;LL Mountain Frame - Silver, 42;Silver;42;"M ";158,43;"L ";LL Mountain Frame;Current;Mountain Frames;Components
525;12;LL Mountain Frame - Silver, 44;Silver;44;"M ";158,43;"L ";LL Mountain Frame;Current;Mountain Frames;Components
526;12;LL Mountain Frame - Silver, 48;Silver;48;"M ";158,43;"L ";LL Mountain Frame;Current;Mountain Frames;Components
527;12;LL Mountain Frame - Silver, 52;Silver;52;"M ";158,43;"L ";LL Mountain Frame;Current;Mountain Frames;Components
528;37;Mountain Tire Tube;NA;NULL;"M ";2,994;NULL;Mountain Tire Tube;Current;Tires and Tubes;Accessories
529;37;Road Tire Tube;NA;NULL;"R ";2,394;NULL;Road Tire Tube;Current;Tires and Tubes;Accessories
530;37;Touring Tire Tube;NA;NULL;"T ";2,994;NULL;Touring Tire Tube;Current;Tires and Tubes;Accessories
531;12;LL Mountain Frame - Black, 42;Black;42;"M ";149,874;"L ";LL Mountain Frame;Current;Mountain Frames;Components
532;12;LL Mountain Frame - Black, 44;Black;44;"M ";149,874;"L ";LL Mountain Frame;Current;Mountain Frames;Components
533;12;LL Mountain Frame - Black, 48;Black;48;"M ";149,874;"L ";LL Mountain Frame;Current;Mountain Frames;Components
534;12;LL Mountain Frame - Black, 52;Black;52;"M ";149,874;"L ";LL Mountain Frame;Current;Mountain Frames;Components
535;37;LL Mountain Tire;NA;NULL;"M ";14,994;"L ";LL Mountain Tire;Current;Tires and Tubes;Accessories
536;37;ML Mountain Tire;NA;NULL;"M ";17,994;"M ";ML Mountain Tire;Current;Tires and Tubes;Accessories
537;37;HL Mountain Tire;NA;NULL;"M ";21,00;"H ";HL Mountain Tire;Current;Tires and Tubes;Accessories
538;37;LL Road Tire;NA;NULL;"R ";12,894;"L ";LL Road Tire;Current;Tires and Tubes;Accessories
539;37;ML Road Tire;NA;NULL;"R ";14,994;"M ";ML Road Tire;Current;Tires and Tubes;Accessories
540;37;HL Road Tire;NA;NULL;"R ";19,56;"H ";HL Road Tire;Current;Tires and Tubes;Accessories
541;37;Touring Tire;NA;NULL;"T ";17,394;NULL;Touring Tire;Current;Tires and Tubes;Accessories
542;13;LL Mountain Pedal;Silver/Black;NULL;"M ";24,294;"L ";LL Mountain Pedal;Current;Pedals;Components
543;13;ML Mountain Pedal;Silver/Black;NULL;"M ";37,254;"M ";ML Mountain Pedal;Current;Pedals;Components
544;13;HL Mountain Pedal;Silver/Black;NULL;"M ";48,594;"H ";HL Mountain Pedal;Current;Pedals;Components
545;13;LL Road Pedal;Silver/Black;NULL;"R ";24,294;"L ";LL Road Pedal;Current;Pedals;Components
546;13;ML Road Pedal;Silver/Black;NULL;"R ";37,254;"M ";ML Road Pedal;Current;Pedals;Components
547;13;HL Road Pedal;Silver/Black;NULL;"R ";48,594;"H ";HL Road Pedal;Current;Pedals;Components
548;13;Touring Pedal;Silver/Black;NULL;"T ";48,594;NULL;Touring Pedal;Current;Pedals;Components
549;12;ML Mountain Frame-W - Silver, 38;Silver;38;"M ";218,454;"M ";ML Mountain Frame-W;Current;Mountain Frames;Components
550;12;LL Mountain Frame - Black, 40;Black;40;"M ";149,874;"L ";LL Mountain Frame;Current;Mountain Frames;Components
551;12;LL Mountain Frame - Silver, 40;Silver;40;"M ";158,43;"L ";LL Mountain Frame;Current;Mountain Frames;Components
552;9;Front Derailleur;Silver;NULL;NULL;54,894;NULL;Front Derailleur;Current;Derailleurs;Components
553;4;LL Touring Handlebars;NA;NULL;"T ";27,654;"L ";LL Touring Handlebars;Current;Handlebars;Components
554;4;HL Touring Handlebars;NA;NULL;"T ";54,942;"H ";HL Touring Handlebars;Current;Handlebars;Components
555;6;Front Brakes;Silver;NULL;NULL;63,90;NULL;Front Brakes;Current;Brakes;Components
556;8;LL Crankset;Black;NULL;NULL;105,294;"L ";LL Crankset;Current;Cranksets;Components
557;8;ML Crankset;Black;NULL;NULL;153,894;"M ";ML Crankset;Current;Cranksets;Components
558;8;HL Crankset;Black;NULL;NULL;242,994;"H ";HL Crankset;Current;Cranksets;Components
559;7;Chain;Silver;NULL;NULL;12,144;NULL;Chain;Current;Chains;Components
560;3;Touring-2000 Blue, 60;Blue;60;"T ";728,91;"M ";Touring-2000;Current;Touring Bikes;Bikes
561;3;Touring-1000 Yellow, 46;Yellow;46;"T ";1430,442;"H ";Touring-1000;Current;Touring Bikes;Bikes
562;3;Touring-1000 Yellow, 50;Yellow;50;"T ";1430,442;"H ";Touring-1000;Current;Touring Bikes;Bikes
563;3;Touring-1000 Yellow, 54;Yellow;54;"T ";1430,442;"H ";Touring-1000;Current;Touring Bikes;Bikes
564;3;Touring-1000 Yellow, 60;Yellow;60;"T ";1430,442;"H ";Touring-1000;Current;Touring Bikes;Bikes
565;3;Touring-3000 Blue, 54;Blue;54;"T ";445,41;"L ";Touring-3000;Current;Touring Bikes;Bikes
566;3;Touring-3000 Blue, 58;Blue;58;"T ";445,41;"L ";Touring-3000;Current;Touring Bikes;Bikes
567;3;Touring-3000 Blue, 62;Blue;62;"T ";445,41;"L ";Touring-3000;Current;Touring Bikes;Bikes
568;3;Touring-3000 Yellow, 44;Yellow;44;"T ";445,41;"L ";Touring-3000;Current;Touring Bikes;Bikes
569;3;Touring-3000 Yellow, 50;Yellow;50;"T ";445,41;"L ";Touring-3000;Current;Touring Bikes;Bikes
570;3;Touring-3000 Yellow, 54;Yellow;54;"T ";445,41;"L ";Touring-3000;Current;Touring Bikes;Bikes
571;3;Touring-3000 Yellow, 58;Yellow;58;"T ";445,41;"L ";Touring-3000;Current;Touring Bikes;Bikes
572;3;Touring-3000 Yellow, 62;Yellow;62;"T ";445,41;"L ";Touring-3000;Current;Touring Bikes;Bikes
573;3;Touring-1000 Blue, 46;Blue;46;"T ";1430,442;"H ";Touring-1000;Current;Touring Bikes;Bikes
574;3;Touring-1000 Blue, 50;Blue;50;"T ";1430,442;"H ";Touring-1000;Current;Touring Bikes;Bikes
575;3;Touring-1000 Blue, 54;Blue;54;"T ";1430,442;"H ";Touring-1000;Current;Touring Bikes;Bikes
576;3;Touring-1000 Blue, 60;Blue;60;"T ";1430,442;"H ";Touring-1000;Current;Touring Bikes;Bikes
577;3;Touring-2000 Blue, 46;Blue;46;"T ";728,91;"M ";Touring-2000;Current;Touring Bikes;Bikes
578;3;Touring-2000 Blue, 50;Blue;50;"T ";728,91;"M ";Touring-2000;Current;Touring Bikes;Bikes
579;3;Touring-2000 Blue, 54;Blue;54;"T ";728,91;"M ";Touring-2000;Current;Touring Bikes;Bikes
580;2;Road-350-W Yellow, 40;Yellow;40;"R ";1020,594;"M ";Road-350-W;Current;Road Bikes;Bikes
581;2;Road-350-W Yellow, 42;Yellow;42;"R ";1020,594;"M ";Road-350-W;Current;Road Bikes;Bikes
582;2;Road-350-W Yellow, 44;Yellow;44;"R ";1020,594;"M ";Road-350-W;Current;Road Bikes;Bikes
583;2;Road-350-W Yellow, 48;Yellow;48;"R ";1020,594;"M ";Road-350-W;Current;Road Bikes;Bikes
584;2;Road-750 Black, 58;Black;58;"R ";323,994;"L ";Road-750;Current;Road Bikes;Bikes
585;3;Touring-3000 Blue, 44;Blue;44;"T ";445,41;"L ";Touring-3000;Current;Touring Bikes;Bikes
586;3;Touring-3000 Blue, 50;Blue;50;"T ";445,41;"L ";Touring-3000;Current;Touring Bikes;Bikes
587;1;Mountain-400-W Silver, 38;Silver;38;"M ";461,694;"M ";Mountain-400-W;Current;Mountain Bikes;Bikes
588;1;Mountain-400-W Silver, 40;Silver;40;"M ";461,694;"M ";Mountain-400-W;Current;Mountain Bikes;Bikes
589;1;Mountain-400-W Silver, 42;Silver;42;"M ";461,694;"M ";Mountain-400-W;Current;Mountain Bikes;Bikes
590;1;Mountain-400-W Silver, 46;Silver;46;"M ";461,694;"M ";Mountain-400-W;Current;Mountain Bikes;Bikes
591;1;Mountain-500 Silver, 40;Silver;40;"M ";338,994;"L ";Mountain-500;Current;Mountain Bikes;Bikes
592;1;Mountain-500 Silver, 42;Silver;42;"M ";338,994;"L ";Mountain-500;Current;Mountain Bikes;Bikes
593;1;Mountain-500 Silver, 44;Silver;44;"M ";338,994;"L ";Mountain-500;Current;Mountain Bikes;Bikes
594;1;Mountain-500 Silver, 48;Silver;48;"M ";338,994;"L ";Mountain-500;Current;Mountain Bikes;Bikes
595;1;Mountain-500 Silver, 52;Silver;52;"M ";338,994;"L ";Mountain-500;Current;Mountain Bikes;Bikes
596;1;Mountain-500 Black, 40;Black;40;"M ";323,994;"L ";Mountain-500;Current;Mountain Bikes;Bikes
597;1;Mountain-500 Black, 42;Black;42;"M ";323,994;"L ";Mountain-500;Current;Mountain Bikes;Bikes
598;1;Mountain-500 Black, 44;Black;44;"M ";323,994;"L ";Mountain-500;Current;Mountain Bikes;Bikes
599;1;Mountain-500 Black, 48;Black;48;"M ";323,994;"L ";Mountain-500;Current;Mountain Bikes;Bikes
600;1;Mountain-500 Black, 52;Black;52;"M ";323,994;"L ";Mountain-500;Current;Mountain Bikes;Bikes
601;5;LL Bottom Bracket;NA;NULL;NULL;32,394;"L ";LL Bottom Bracket;Current;Bottom Brackets;Components
602;5;ML Bottom Bracket;NA;NULL;NULL;60,744;"M ";ML Bottom Bracket;Current;Bottom Brackets;Components
603;5;HL Bottom Bracket;NA;NULL;NULL;72,894;"H ";HL Bottom Bracket;Current;Bottom Brackets;Components
604;2;Road-750 Black, 44;Black;44;"R ";323,994;"L ";Road-750;Current;Road Bikes;Bikes
605;2;Road-750 Black, 48;Black;48;"R ";323,994;"L ";Road-750;Current;Road Bikes;Bikes
606;2;Road-750 Black, 52;Black;52;"R ";323,994;"L ";Road-750;Current;Road Bikes;Bikes
